{"cameraMode":{"drawMode":0,"name":"Shaded","section":"Shading Mode"},"sceneLighting":true,"audioPlay":false,"sceneViewState":{"showFog":true,"showMaterialUpdate":false,"showSkybox":true,"showFlares":true,"showImageEffects":true,"showParticleSystems":true},"in2DMode":false,"pivot":{"x":390.1584777832031,"y":-31.957763671875,"z":-41.53156280517578},"rotation":{"x":-0.003881228854879737,"y":-0.9299431443214417,"z":0.3676615059375763,"w":-0.009789138101041317},"size":103.77561950683594,"orthographic":false}