{"cameraMode":{"drawMode":0,"name":"Shaded","section":"Shading Mode"},"sceneLighting":true,"audioPlay":false,"sceneViewState":{"showFog":true,"showMaterialUpdate":false,"showSkybox":true,"showFlares":true,"showImageEffects":true,"showParticleSystems":true},"in2DMode":false,"pivot":{"x":-200.30026245117188,"y":-224.7255401611328,"z":-28.31946563720703},"rotation":{"x":0.2810584008693695,"y":-0.653251588344574,"z":0.2859039008617401,"w":0.6423496007919312},"size":465.9245910644531,"orthographic":false}