{"cameraMode":{"drawMode":0,"name":"Shaded","section":"Shading Mode"},"sceneLighting":false,"audioPlay":false,"sceneViewState":{"showFog":true,"showMaterialUpdate":false,"showSkybox":false,"showFlares":true,"showImageEffects":true,"showParticleSystems":true},"in2DMode":false,"pivot":{"x":93.62000274658203,"y":6.150000095367432,"z":83.15699768066406},"rotation":{"x":0.14434309303760529,"y":-0.7612873315811157,"z":0.18147137761116029,"w":0.6055842638015747},"size":45.03413772583008,"orthographic":false}