{"cameraMode":{"drawMode":0,"name":"Shaded","section":"Shading Mode"},"sceneLighting":true,"audioPlay":false,"sceneViewState":{"showFog":false,"showMaterialUpdate":false,"showSkybox":false,"showFlares":false,"showImageEffects":false,"showParticleSystems":false},"in2DMode":false,"pivot":{"x":256.8392333984375,"y":-403.81988525390627,"z":-1448.7481689453125},"rotation":{"x":-0.2220020294189453,"y":0.6666587591171265,"z":-0.218566432595253,"w":-0.6771414875984192},"size":1639.622314453125,"orthographic":false}