{"cameraMode":{"drawMode":0,"name":"Shaded","section":"Shading Mode"},"sceneLighting":false,"audioPlay":false,"sceneViewState":{"showFog":true,"showMaterialUpdate":false,"showSkybox":false,"showFlares":true,"showImageEffects":true,"showParticleSystems":true},"in2DMode":false,"pivot":{"x":-0.02919355034828186,"y":0.0051288604736328129,"z":0.5377973318099976},"rotation":{"x":0.266011118888855,"y":-0.06949937343597412,"z":0.03535732999444008,"w":0.9608708024024963},"size":2.1889724731445314,"orthographic":false}