{"cameraMode":{"drawMode":0,"name":"Shaded","section":"Shading Mode"},"sceneLighting":false,"audioPlay":false,"sceneViewState":{"showFog":true,"showMaterialUpdate":false,"showSkybox":false,"showFlares":true,"showImageEffects":true,"showParticleSystems":true},"in2DMode":false,"pivot":{"x":-25.379413604736329,"y":22.90617561340332,"z":-91.25993347167969},"rotation":{"x":0.20921224355697633,"y":0.45157891511917117,"z":-0.10974693298339844,"w":0.8604085445404053},"size":62.99372863769531,"orthographic":false}