{"cameraMode":{"drawMode":0,"name":"Shaded","section":"Shading Mode"},"sceneLighting":true,"audioPlay":false,"sceneViewState":{"showFog":true,"showMaterialUpdate":false,"showSkybox":true,"showFlares":true,"showImageEffects":true,"showParticleSystems":true},"in2DMode":false,"pivot":{"x":70.16646575927735,"y":-265.659912109375,"z":393.4444274902344},"rotation":{"x":-0.31268784403800967,"y":0.011143669486045838,"z":-0.004538131412118673,"w":-0.949959397315979},"size":500.2409973144531,"orthographic":false}