{"cameraMode":{"drawMode":0,"name":"Shaded","section":"Shading Mode"},"sceneLighting":false,"audioPlay":false,"sceneViewState":{"showFog":true,"showMaterialUpdate":false,"showSkybox":false,"showFlares":true,"showImageEffects":true,"showParticleSystems":true},"in2DMode":false,"pivot":{"x":34.46192932128906,"y":-1.3575005531311036,"z":7.034646034240723},"rotation":{"x":0.15642490983009339,"y":-0.8148390650749207,"z":0.4954509437084198,"w":0.25724756717681887},"size":6.587040424346924,"orthographic":false}