{"cameraMode":{"drawMode":0,"name":"Shaded","section":"Shading Mode"},"sceneLighting":false,"audioPlay":false,"sceneViewState":{"showFog":true,"showMaterialUpdate":false,"showSkybox":false,"showFlares":true,"showImageEffects":true,"showParticleSystems":true},"in2DMode":false,"pivot":{"x":-0.9275206327438355,"y":-0.8307526707649231,"z":-2.548893690109253},"rotation":{"x":-0.034198272973299029,"y":0.960003674030304,"z":-0.2411382794380188,"w":-0.1388879269361496},"size":4.8406147956848148,"orthographic":false}