{"cameraMode":{"drawMode":0,"name":"Shaded","section":"Shading Mode"},"sceneLighting":true,"audioPlay":false,"sceneViewState":{"showFog":true,"showMaterialUpdate":false,"showSkybox":true,"showFlares":true,"showImageEffects":true,"showParticleSystems":true},"in2DMode":false,"pivot":{"x":306.0758056640625,"y":-175.20846557617188,"z":-324.96295166015627},"rotation":{"x":0.072629414498806,"y":-0.9158059358596802,"z":0.34047311544418337,"w":0.20127850770950318},"size":784.1727294921875,"orthographic":false}