{"cameraMode":{"drawMode":0,"name":"Shaded","section":"Shading Mode"},"sceneLighting":true,"audioPlay":false,"sceneViewState":{"showFog":true,"showMaterialUpdate":false,"showSkybox":true,"showFlares":true,"showImageEffects":true,"showParticleSystems":true},"in2DMode":false,"pivot":{"x":306.318115234375,"y":389.3770446777344,"z":-97.97779846191406},"rotation":{"x":-0.09884101897478104,"y":0.0017749053658917547,"z":-0.00020249825320206583,"w":-0.9951310157775879},"size":565.11962890625,"orthographic":false}