{"cameraMode":{"drawMode":0,"name":"Shaded","section":"Shading Mode"},"sceneLighting":false,"audioPlay":false,"sceneViewState":{"showFog":true,"showMaterialUpdate":false,"showSkybox":false,"showFlares":true,"showImageEffects":true,"showParticleSystems":true},"in2DMode":false,"pivot":{"x":-217.2253875732422,"y":36.42064666748047,"z":-396.5082092285156},"rotation":{"x":0.3728210926055908,"y":-0.4093768000602722,"z":0.18815487623214723,"w":0.8111878633499146},"size":62.993717193603519,"orthographic":false}