{"cameraMode":{"drawMode":0,"name":"Shaded","section":"Shading Mode"},"sceneLighting":false,"audioPlay":false,"sceneViewState":{"showFog":true,"showMaterialUpdate":false,"showSkybox":false,"showFlares":true,"showImageEffects":true,"showParticleSystems":true},"in2DMode":false,"pivot":{"x":0.0,"y":0.05748464912176132,"z":-2.9802322387695315e-8},"rotation":{"x":0.45833995938301089,"y":0.5270821452140808,"z":-0.4126321077346802,"w":0.584822952747345},"size":2.1909728050231935,"orthographic":false}