{"cameraMode":{"drawMode":0,"name":"Shaded","section":"Shading Mode"},"sceneLighting":false,"audioPlay":false,"sceneViewState":{"showFog":true,"showMaterialUpdate":false,"showSkybox":false,"showFlares":true,"showImageEffects":true,"showParticleSystems":true},"in2DMode":false,"pivot":{"x":10.899896621704102,"y":-6.770191192626953,"z":-217.04849243164063},"rotation":{"x":0.06016763672232628,"y":-0.9348426461219788,"z":0.29226160049438479,"w":0.1925393044948578},"size":64.39108276367188,"orthographic":false}