{"cameraMode":{"drawMode":0,"name":"Shaded","section":"Shading Mode"},"sceneLighting":false,"audioPlay":false,"sceneViewState":{"showFog":true,"showMaterialUpdate":false,"showSkybox":false,"showFlares":true,"showImageEffects":true,"showParticleSystems":true},"in2DMode":false,"pivot":{"x":0.4897646903991699,"y":9.90715503692627,"z":-164.94139099121095},"rotation":{"x":0.0003263297548983246,"y":0.9959737062454224,"z":0.002982749603688717,"w":-0.08989153057336807},"size":25.03228759765625,"orthographic":false}