{"cameraMode":{"drawMode":0,"name":"Shaded","section":"Shading Mode"},"sceneLighting":false,"audioPlay":false,"sceneViewState":{"showFog":true,"showMaterialUpdate":false,"showSkybox":false,"showFlares":true,"showImageEffects":true,"showParticleSystems":true},"in2DMode":false,"pivot":{"x":28.23436164855957,"y":0.3382827639579773,"z":29.35893440246582},"rotation":{"x":0.24529531598091126,"y":0.5108867287635803,"z":-0.15484927594661714,"w":0.8092383742332459},"size":3.287332057952881,"orthographic":false}