{"cameraMode":{"drawMode":0,"name":"Shaded","section":"Shading Mode"},"sceneLighting":false,"audioPlay":false,"sceneViewState":{"showFog":true,"showMaterialUpdate":false,"showSkybox":false,"showFlares":true,"showImageEffects":true,"showParticleSystems":true},"in2DMode":false,"pivot":{"x":0.0,"y":0.06074520945549011,"z":-2.9802322387695315e-8},"rotation":{"x":-0.3823942542076111,"y":-0.5504411458969116,"z":0.30988219380378725,"w":-0.6746353507041931},"size":2.1919307708740236,"orthographic":false}