{"cameraMode":{"drawMode":0,"name":"Shaded","section":"Shading Mode"},"sceneLighting":false,"audioPlay":false,"sceneViewState":{"showFog":true,"showMaterialUpdate":false,"showSkybox":false,"showFlares":true,"showImageEffects":true,"showParticleSystems":true},"in2DMode":false,"pivot":{"x":0.0,"y":0.04999994486570358,"z":-2.9802322387695315e-8},"rotation":{"x":-0.11412780731916428,"y":-0.8055517673492432,"z":0.5580906271934509,"w":-0.16369977593421937},"size":2.1889724731445314,"orthographic":false}