{"cameraMode":{"drawMode":0,"name":"Shaded","section":"Shading Mode"},"sceneLighting":false,"audioPlay":false,"sceneViewState":{"showFog":true,"showMaterialUpdate":false,"showSkybox":false,"showFlares":true,"showImageEffects":true,"showParticleSystems":true},"in2DMode":false,"pivot":{"x":39.41728591918945,"y":66.2458724975586,"z":-181.83273315429688},"rotation":{"x":0.28058668971061709,"y":-0.1551627367734909,"z":0.04602380469441414,"w":0.9460996985435486},"size":5.236069679260254,"orthographic":false}