{"cameraMode":{"drawMode":0,"name":"Shaded","section":"Shading Mode"},"sceneLighting":false,"audioPlay":false,"sceneViewState":{"showFog":true,"showMaterialUpdate":false,"showSkybox":false,"showFlares":true,"showImageEffects":true,"showParticleSystems":true},"in2DMode":false,"pivot":{"x":-1.3487709760665894,"y":5.068791389465332,"z":-217.7213592529297},"rotation":{"x":0.05738048627972603,"y":-0.9378076791763306,"z":0.18815770745277406,"w":0.2861112952232361},"size":64.39108276367188,"orthographic":false}