{"cameraMode":{"drawMode":0,"name":"Shaded","section":"Shading Mode"},"sceneLighting":false,"audioPlay":false,"sceneViewState":{"showFog":true,"showMaterialUpdate":false,"showSkybox":false,"showFlares":true,"showImageEffects":true,"showParticleSystems":true},"in2DMode":false,"pivot":{"x":22.342960357666017,"y":-24.50434684753418,"z":0.916196882724762},"rotation":{"x":-0.25145232677459719,"y":0.7484776973724365,"z":-0.4278700053691864,"w":-0.4398908317089081},"size":54.183631896972659,"orthographic":false}