{"cameraMode":{"drawMode":0,"name":"Shaded","section":"Shading Mode"},"sceneLighting":false,"audioPlay":false,"sceneViewState":{"showFog":true,"showMaterialUpdate":false,"showSkybox":false,"showFlares":true,"showImageEffects":true,"showParticleSystems":true},"in2DMode":false,"pivot":{"x":0.25151610374450686,"y":0.671977162361145,"z":-5.34254789352417},"rotation":{"x":0.2586970329284668,"y":0.08574695140123368,"z":-0.021129442378878595,"w":0.9621456861495972},"size":3.3219869136810304,"orthographic":false}