{"cameraMode":{"drawMode":0,"name":"Shaded","section":"Shading Mode"},"sceneLighting":false,"audioPlay":false,"sceneViewState":{"showFog":true,"showMaterialUpdate":false,"showSkybox":false,"showFlares":true,"showImageEffects":true,"showParticleSystems":true},"in2DMode":false,"pivot":{"x":1037.6258544921875,"y":206.58143615722657,"z":-2230.569580078125},"rotation":{"x":-0.000278349791187793,"y":0.9690074324607849,"z":0.003026708960533142,"w":0.24765145778656007},"size":1498.59619140625,"orthographic":false}