{"cameraMode":{"drawMode":0,"name":"Shaded","section":"Shading Mode"},"sceneLighting":true,"audioPlay":false,"sceneViewState":{"showFog":true,"showMaterialUpdate":false,"showSkybox":true,"showFlares":true,"showImageEffects":true,"showParticleSystems":true},"in2DMode":false,"pivot":{"x":-133.54818725585938,"y":25.28516387939453,"z":-331.9715270996094},"rotation":{"x":-0.15032395720481873,"y":0.6322222352027893,"z":-0.1268809586763382,"w":-0.7494286894798279},"size":26.22408676147461,"orthographic":false}