{"cameraMode":{"drawMode":0,"name":"Shaded","section":"Shading Mode"},"sceneLighting":true,"audioPlay":false,"sceneViewState":{"showFog":true,"showMaterialUpdate":false,"showSkybox":true,"showFlares":true,"showImageEffects":true,"showParticleSystems":true},"in2DMode":false,"pivot":{"x":-8.538196563720704,"y":-11.592432022094727,"z":-39.6407585144043},"rotation":{"x":0.018855053931474687,"y":-0.9752179980278015,"z":0.19585347175598145,"w":0.10333625972270966},"size":43.348731994628909,"orthographic":false}