{"cameraMode":{"drawMode":0,"name":"Shaded","section":"Shading Mode"},"sceneLighting":true,"audioPlay":false,"sceneViewState":{"showFog":true,"showMaterialUpdate":false,"showSkybox":true,"showFlares":true,"showImageEffects":true,"showParticleSystems":true},"in2DMode":false,"pivot":{"x":-56.17605972290039,"y":-74.66279602050781,"z":-352.70306396484377},"rotation":{"x":-0.16099873185157777,"y":0.8388665914535523,"z":-0.3656828701496124,"w":-0.36986076831817629},"size":196.85487365722657,"orthographic":false}