{"cameraMode":{"drawMode":0,"name":"Shaded","section":"Shading Mode"},"sceneLighting":false,"audioPlay":false,"sceneViewState":{"showFog":true,"showMaterialUpdate":false,"showSkybox":false,"showFlares":true,"showImageEffects":true,"showParticleSystems":true},"in2DMode":false,"pivot":{"x":77.0932846069336,"y":43.18473815917969,"z":37.363616943359378},"rotation":{"x":-0.3768117129802704,"y":-0.12804414331912995,"z":0.052680231630802158,"w":-0.9158868789672852},"size":22.0,"orthographic":false}