{"cameraMode":{"drawMode":0,"name":"Shaded","section":"Shading Mode"},"sceneLighting":false,"audioPlay":false,"sceneViewState":{"showFog":true,"showMaterialUpdate":false,"showSkybox":false,"showFlares":true,"showImageEffects":true,"showParticleSystems":true},"in2DMode":false,"pivot":{"x":-2.2410004138946535,"y":0.0,"z":-1.4060003757476807},"rotation":{"x":-0.22989961504936219,"y":-0.30484792590141299,"z":0.07583267986774445,"w":-0.9211821556091309},"size":2.5149381160736086,"orthographic":false}