{"cameraMode":{"drawMode":0,"name":"Shaded","section":"Shading Mode"},"sceneLighting":true,"audioPlay":false,"sceneViewState":{"showFog":true,"showMaterialUpdate":false,"showSkybox":true,"showFlares":true,"showImageEffects":true,"showParticleSystems":true},"in2DMode":false,"pivot":{"x":857.3075561523438,"y":-1211.1888427734375,"z":334.3033752441406},"rotation":{"x":0.38163673877716067,"y":0.4019366502761841,"z":-0.1689973920583725,"w":0.8152381181716919},"size":1781.9219970703125,"orthographic":false}