{"cameraMode":{"drawMode":0,"name":"Shaded","section":"Shading Mode"},"sceneLighting":false,"audioPlay":false,"sceneViewState":{"showFog":true,"showMaterialUpdate":false,"showSkybox":false,"showFlares":true,"showImageEffects":true,"showParticleSystems":true},"in2DMode":false,"pivot":{"x":304.1507568359375,"y":0.06555327028036118,"z":58.04018783569336},"rotation":{"x":0.07799151539802551,"y":0.8840779066085815,"z":-0.4323156177997589,"w":0.15949217975139619},"size":0.3498166501522064,"orthographic":false}