{"cameraMode":{"drawMode":0,"name":"Shaded","section":"Shading Mode"},"sceneLighting":false,"audioPlay":false,"sceneViewState":{"showFog":true,"showMaterialUpdate":false,"showSkybox":false,"showFlares":true,"showImageEffects":true,"showParticleSystems":true},"in2DMode":false,"pivot":{"x":1.6943931579589844,"y":-0.42019128799438479,"z":0.3380887806415558},"rotation":{"x":0.13893486559391023,"y":0.6565917134284973,"z":-0.12429293990135193,"w":0.7309653759002686},"size":2.8578836917877199,"orthographic":false}