{"cameraMode":{"drawMode":0,"name":"Shaded","section":"Shading Mode"},"sceneLighting":false,"audioPlay":false,"sceneViewState":{"showFog":true,"showMaterialUpdate":false,"showSkybox":false,"showFlares":true,"showImageEffects":true,"showParticleSystems":true},"in2DMode":false,"pivot":{"x":0.0,"y":0.049999937415122989,"z":-2.9802322387695315e-8},"rotation":{"x":-0.00018320803064852953,"y":-0.8063315153121948,"z":0.5916189551353455,"w":0.0003323432174511254},"size":2.1889724731445314,"orthographic":false}