{"cameraMode":{"drawMode":0,"name":"Shaded","section":"Shading Mode"},"sceneLighting":false,"audioPlay":false,"sceneViewState":{"showFog":true,"showMaterialUpdate":false,"showSkybox":false,"showFlares":true,"showImageEffects":true,"showParticleSystems":true},"in2DMode":false,"pivot":{"x":0.7305005788803101,"y":0.020041942596435548,"z":0.6934938430786133},"rotation":{"x":-0.2628929615020752,"y":-0.45224136114120486,"z":0.14117388427257539,"w":-0.8405637145042419},"size":16.12425422668457,"orthographic":false}