{"cameraMode":{"drawMode":0,"name":"Shaded","section":"Shading Mode"},"sceneLighting":false,"audioPlay":false,"sceneViewState":{"showFog":true,"showMaterialUpdate":false,"showSkybox":false,"showFlares":true,"showImageEffects":true,"showParticleSystems":true},"in2DMode":false,"pivot":{"x":2.802978515625,"y":2.4258313179016115,"z":-28.9256591796875},"rotation":{"x":-0.25780627131462099,"y":0.20442995429039002,"z":-0.05620237812399864,"w":-0.942734956741333},"size":20.75421905517578,"orthographic":false}