{"cameraMode":{"drawMode":0,"name":"Shaded","section":"Shading Mode"},"sceneLighting":false,"audioPlay":false,"sceneViewState":{"showFog":true,"showMaterialUpdate":false,"showSkybox":false,"showFlares":true,"showImageEffects":true,"showParticleSystems":true},"in2DMode":false,"pivot":{"x":0.0,"y":0.049999937415122989,"z":-2.9802322387695315e-8},"rotation":{"x":0.2221750020980835,"y":0.4449016749858856,"z":-0.09667351096868515,"w":0.8622459769248962},"size":2.1889724731445314,"orthographic":false}