{"cameraMode":{"drawMode":0,"name":"Shaded","section":"Shading Mode"},"sceneLighting":false,"audioPlay":false,"sceneViewState":{"showFog":true,"showMaterialUpdate":false,"showSkybox":false,"showFlares":true,"showImageEffects":true,"showParticleSystems":true},"in2DMode":false,"pivot":{"x":37.29665756225586,"y":4.5350565910339359,"z":-194.92398071289063},"rotation":{"x":-0.05034932121634483,"y":-0.9159778952598572,"z":0.12160833925008774,"w":-0.37907466292381289},"size":45.99159240722656,"orthographic":false}