{"cameraMode":{"drawMode":0,"name":"Shaded","section":"Shading Mode"},"sceneLighting":false,"audioPlay":false,"sceneViewState":{"showFog":true,"showMaterialUpdate":false,"showSkybox":false,"showFlares":true,"showImageEffects":true,"showParticleSystems":true},"in2DMode":false,"pivot":{"x":-15.686676025390625,"y":22.570886611938478,"z":-120.97936248779297},"rotation":{"x":0.1722600758075714,"y":0.6737297773361206,"z":-0.1659097522497177,"w":0.6992354393005371},"size":62.99372863769531,"orthographic":false}