{"cameraMode":{"drawMode":0,"name":"Shaded","section":"Shading Mode"},"sceneLighting":false,"audioPlay":false,"sceneViewState":{"showFog":true,"showMaterialUpdate":false,"showSkybox":false,"showFlares":true,"showImageEffects":true,"showParticleSystems":true},"in2DMode":false,"pivot":{"x":52.85260009765625,"y":-6.6047563552856449,"z":-122.85232543945313},"rotation":{"x":0.24111385643482209,"y":0.6048744320869446,"z":-0.19907036423683167,"w":0.7323951125144959},"size":62.993717193603519,"orthographic":false}